"","ID","class","DAH","Elevation","CBL_sl","T_max_sl","SWI_sl","SOS_sl"
"1",8500,1,1.46245862315649,1225.56853483384,-8.42004531088743,0.132686896341928,0.0173614623589306,0.348247686142508
"2",8502,1,-1.08870150214735,1142.74512046594,-8.42004531088743,0.132686896341928,0.0180248114292478,-0.145714520351524
"3",9823,1,1.44648311273647,930.582908779053,-8.42004531088743,0.132686896341928,0.0144104160282149,-0.206175538921672
"4",10049,2,0.0287814143343743,1076.09717615558,-8.42004531088743,0.132686896341928,0.0167598529205623,-0.285518727673622
"5",10269,1,0.401819897640895,1070.00031768107,-8.42004531088743,0.132686896341928,0.0179402683380617,-0.387207414681528
"6",12223,2,-1.50745812611129,936.728409547591,-8.42004531088743,0.132686896341928,0.0143470619286052,0
"7",12441,1,0.0590671412368781,962.904482894329,-8.42004531088743,0.132686896341928,0.0144281312913885,0.154681960401454
"8",12641,1,-0.706861082845245,1047.72914220899,-6.91413706772366,0.120730898471064,0.0190787908127999,-0.20819073693817
"9",12660,1,1.42343008285331,910.247394901214,-8.42004531088743,0.132686896341928,0.0135001063681714,-0.83276299110162
"10",12661,1,0.625949629273284,932.306657630798,-8.42004531088743,0.132686896341928,0.0139393873115369,-0.261176263964794
"11",12841,1,1.07574789205534,1158.73053669339,-6.91413706772366,0.120730898471064,0.0194847961018926,-0.333097579512208
"12",12842,1,1.26158534690751,1153.07893006895,-6.91413706772366,0.120730898471064,0.0195815758697211,-0.138798047133041
"13",12880,1,0.281319728248853,902.209068974999,-8.42004531088743,0.132686896341928,0.0154776165593785,0.397165455765316
"14",13034,1,1.0008628271913,1179.3096652026,-7.21480370755031,0.12243704837536,0.0226112839690494,-0.278631014072778
"15",13062,1,-0.177764444392325,1159.9922205197,-6.91413706772366,0.120730898471064,0.0197605434554279,-0.0773244985804381
"16",13098,1,-1.35369296881322,815.371687775356,-8.42004531088743,0.132686896341928,0.0134073471606325,-0.999410254943339
"17",13099,1,0.374347843418792,876.653837417257,-8.42004531088743,0.132686896341928,0.0140245698371581,-0.309891999628649
"18",13267,2,-1.0657424425568,1091.36142678308,-7.21480370755031,0.12243704837536,0.0207335812086391,-0.47698845614557
"19",13282,1,1.45468706670119,1126.55294163918,-6.91413706772366,0.120730898471064,0.0199288695087595,0.0356863511928041
"20",13317,1,1.43182198462785,801.157725178408,-8.42004531088743,0.132686896341928,0.0131617785344671,-0.802979540802355
"21",13318,1,0.431721545619581,842.380839445291,-8.42004531088743,0.132686896341928,0.01500394134192,-0.718258042436687
"22",13486,2,1.44812497988218,1068.90385584626,-7.21480370755031,0.12243704837536,0.0214648586926304,-0.0555048661800487
"23",13527,2,0.190169326846745,1105.67970756716,-6.91413706772366,0.120730898471064,0.0208378062639014,0.333242059145674
"24",13528,2,-1.44578578819147,1079.21480061346,-6.91413706772366,0.120730898471064,0.018540202450101,-0.167738302190417
"25",13537,1,-1.33113322566704,816.063858770564,-8.42004531088743,0.132686896341928,0.0134093478769195,-0.800753841188893
"26",13721,1,0.256128810825008,1000.90961813422,-6.91413706772366,0.120730898471064,0.0157835799402701,-0.614995787700084
"27",13722,1,0.0572144639915962,906.044847579878,-6.91413706772366,0.120730898471064,0.0168679424294283,-0.320263545465167
"28",13941,1,-1.50898968475996,934.084995044617,-6.91413706772366,0.120730898471064,0.0158256216107715,-1.17368197938315
"29",16076,1,0.395889144370626,1204.01352399412,-7.49851210671836,0.117777820252193,0.0209169917954435,-0.232882977708664
"30",16077,1,-1.49610363686302,1154.50988729312,-7.49851210671836,0.117777820252193,0.0220192210057194,0
"31",16294,1,-0.441989984780123,1280.59870144725,-7.49851210671836,0.117777820252193,0.0230069580069753,0
"32",16295,1,-0.257602657165653,1239.55970892082,-7.49851210671836,0.117777820252193,0.0208301539873034,0
"33",16296,1,-1.38131605048273,1202.5920936494,-7.49851210671836,0.117777820252193,0.0218052827616785,0.0333089979923344
"34",16297,1,0.2770077547978,1238.03023445942,-7.49851210671836,0.117777820252193,0.0234869587197572,-0.083257299270073
"35",16298,1,1.37113617529704,1280.74176614005,-7.49851210671836,0.117777820252193,0.0241780705371528,-0.133829923467059
"36",16299,1,-0.743995221802131,1288.07121070767,-7.49851210671836,0.117777820252193,0.0222762707865258,-0.300554302729495
"37",16300,1,-0.464345080789642,1250.65162029438,-7.49851210671836,0.117777820252193,0.0232549917700695,-0.316432451771252
"38",16301,1,-0.362504638540677,1240.99549118232,-7.49851210671836,0.117777820252193,0.0226288527486559,-0.399635049804034
"39",16513,2,0.907565920734893,1273.20195527549,-7.49851210671836,0.117777820252193,0.0238689867229071,-0.261176263964794
"40",16517,1,-1.53183615751272,1224.64832984061,-7.49851210671836,0.117777820252193,0.0231068176700114,0
"41",16518,1,1.5197580626775,1267.52245950491,-7.49851210671836,0.117777820252193,0.0225454263245376,-0.117970529066242
"42",16519,1,-1.33046814114625,1275.98037540544,-7.49851210671836,0.117777820252193,0.0240302880778929,0
"43",16520,1,-1.25341534398187,1279.04669864785,-7.49851210671836,0.117777820252193,0.0241741086723089,0
"44",16521,1,1.53241322642662,1266.04422645406,-7.49851210671836,0.117777820252193,0.0240780613926247,0
"45",16522,1,-0.139285247117928,1246.73913021336,-7.49851210671836,0.117777820252193,0.022880132829922,-0.0971598997454071
"46",16523,1,-0.396037560500971,1238.78501804389,-7.49851210671836,0.117777820252193,0.0229965841770031,0
"47",16524,1,0.965957231610722,1227.16372327847,-7.49851210671836,0.117777820252193,0.0234726629784191,0
"48",16525,1,-0.689143607997561,1212.63940643897,-7.49851210671836,0.117777820252193,0.0219340124219957,0.0627018148710588
"49",16526,1,-1.42099650374349,1161.43722823556,-7.49851210671836,0.117777820252193,0.02023966604059,-0.261176263964794
"50",16728,1,-1.45270145722094,1215.02739282984,-7.49851210671836,0.117777820252193,0.021566221862639,0
"51",16745,1,-1.3072578477613,1206.97968256947,-7.49851210671836,0.117777820252193,0.0232448589954324,0.153298435616045
"52",16746,1,-1.2016121976356,1177.6621111872,-7.49851210671836,0.117777820252193,0.0215938141970961,-0.344946354504166
"53",16747,2,-1.48440690054631,1141.49235057072,-7.49851210671836,0.117777820252193,0.0218615684207324,-0.499633342675433
"54",16755,1,1.41289856920849,974.450567406521,-7.34224404152248,0.110364100729391,0.0183413762976396,0.0888368308535744
"55",16760,1,-1.35283140063349,951.353228007912,-7.34224404152248,0.110364100729391,0.0204412492052815,-0.188105444613176
"56",16761,1,-1.51892099583334,897.751778825025,-7.34224404152248,0.110364100729391,0.0209730876142438,-0.124914442162902
"57",16762,1,-0.487361000158447,874.437642356992,-7.34224404152248,0.110364100729391,0.0209128378217223,-0.281862821411414
"58",16943,1,0.720763042453716,1176.54962770216,-7.49851210671836,0.117777820252193,0.0232817999256413,-0.132396225820284
"59",16965,2,-1.42647262960321,1186.90437371099,-7.49851210671836,0.117777820252193,0.020233825602412,-0.247932724655943
"60",16966,1,-0.643728437393933,1198.77763833244,-7.49851210671836,0.117777820252193,0.0216021944489782,-0.290010768726913
"61",17162,1,0.135593197918346,1222.45191931417,-7.49851210671836,0.117777820252193,0.0235680492953127,-0.320263545465167
"62",17163,1,0.530809111966129,1260.51988327623,-7.49851210671836,0.117777820252193,0.0248005197758737,-0.145714520351524
"63",17185,1,0.531266416947475,1204.47718371717,-7.49851210671836,0.117777820252193,0.0227646337875886,0
"64",17186,1,1.13533383228253,1238.11526371137,-7.49851210671836,0.117777820252193,0.0241332276186915,-0.0454206072672972
"65",17378,2,1.28659665034833,1251.54293232233,-7.49851210671836,0.117777820252193,0.0240724844308045,0
"66",17381,1,-1.48669891179315,1265.5486537043,-7.49851210671836,0.117777820252193,0.0253893378036739,-0.14991329493492
"67",17382,1,0.827643204292045,1298.81807301385,-7.49851210671836,0.117777820252193,0.0240396179580469,-0.0333089979923344
"68",17383,1,0.0637616851175913,1326.42615831113,-7.49851210671836,0.117777820252193,0.0231991450476756,-0.231973495741314
"69",17384,1,-1.48708615436282,1307.82393529534,-7.49851210671836,0.117777820252193,0.0230973046161398,0
"70",17404,1,-1.30940937971484,1229.10323635795,-7.49851210671836,0.117777820252193,0.0214736168557744,0.0454319143639532
"71",17406,1,0.392187423596598,1255.27679874136,-7.34224404152248,0.110364100729391,0.0218278520285024,-0.142745404771216
"72",17407,1,0.257255771317273,1240.09571489277,-7.34224404152248,0.110364100729391,0.0214202803408533,0
"73",17408,1,1.45114565067492,1212.86266568357,-7.34224404152248,0.110364100729391,0.0178187820414395,-0.129087378073054
"74",17409,1,1.03274433596487,1194.17415364809,-7.34224404152248,0.110364100729391,0.0191435063820488,-0.465717392894609
"75",17597,1,0.625821954170689,1261.62909321465,-7.49851210671836,0.117777820252193,0.0248658461668229,-0.154630001655681
"76",17599,1,-1.50358125513558,1252.83783602155,-7.49851210671836,0.117777820252193,0.0260634146330556,-0.133254233479739
"77",17600,1,1.01116265288604,1302.8636879522,-7.49851210671836,0.117777820252193,0.0262050720366654,-0.184527046156771
"78",17601,1,0.980604220188587,1325.84345800058,-7.49851210671836,0.117777820252193,0.0238772021154843,0
"79",17602,1,0.864244770173855,1346.42617014237,-7.49851210671836,0.117777820252193,0.0235401612152,-0.145727183058637
"80",17603,1,0.484156292981579,1327.08415629432,-7.49851210671836,0.117777820252193,0.0237174303157963,-0.341120610169374
"81",17623,1,1.39431522294697,1187.14465124156,-7.49851210671836,0.117777820252193,0.0219874361156554,0
"82",17624,1,1.34082022112025,1162.84205996427,-7.49851210671836,0.117777820252193,0.0223657764977543,0.333029197080292
"83",17626,1,0.123107913015603,1221.05985269458,-7.34224404152248,0.110364100729391,0.0206545042115033,0.264720141825245
"84",17627,1,-1.03763548849026,1228.5561801629,-7.34224404152248,0.110364100729391,0.0202827840651667,0
"85",17811,1,-1.25954957154248,1266.33153258873,-7.49851210671836,0.117777820252193,0.0244239624441534,0
"86",17812,1,1.30432907587635,1241.72331592183,-7.49851210671836,0.117777820252193,0.0245002949716353,-0.0838578439985524
"87",17815,1,1.306328185726,1254.57483344193,-7.49851210671836,0.117777820252193,0.025329481056348,0.236207057289296
"88",17816,1,-0.837266084267435,1284.41859826713,-7.49851210671836,0.117777820252193,0.0240549675630256,-0.0870587546549312
"89",17817,2,-0.626190052370228,1259.94747078067,-7.49851210671836,0.117777820252193,0.0242154329911424,-0.0832784063501685
"90",17818,1,-0.176126087424603,1275.70679751276,-7.49851210671836,0.117777820252193,0.0239262939138688,-0.333059588501818
"91",17819,1,1.36872449295167,1312.90587690432,-7.49851210671836,0.117777820252193,0.0255830402030396,-0.333059588501818
"92",17820,1,0.47378537780758,1326.54659789079,-7.49851210671836,0.117777820252193,0.0244122557838095,-0.333219256217203
"93",17821,1,-1.07696150887901,1339.36777920083,-7.49851210671836,0.117777820252193,0.0244813188834211,-0.720228370066418
"94",17822,1,-1.44751634875182,1314.72403035556,-7.49851210671836,0.117777820252193,0.0232730099507246,-0.0713796819184055
"95",17847,1,-0.335448633291653,1191.54157267842,-7.34224404152248,0.110364100729391,0.0208721385044398,0.183202534757477
"96",17848,1,-0.354424426176932,1194.40517307621,-7.34224404152248,0.110364100729391,0.0212257837430447,0
"97",18027,1,-0.274570034784033,1242.6202121843,-7.52795517840064,0.116954207803734,0.0228533138727861,-0.199872229464407
"98",18028,1,-1.37044643808066,1264.11156774425,-7.49851210671836,0.117777820252193,0.0246551390518413,0
"99",18029,1,1.25173456371852,1280.89493283365,-7.49851210671836,0.117777820252193,0.0250426304949428,0.0454206072672972
"100",18030,1,-1.3344603300689,1299.13930294521,-7.49851210671836,0.117777820252193,0.0247784708033238,0
"101",18031,1,1.46528948190243,1275.06522063198,-7.49851210671836,0.117777820252193,0.0246794606829149,0.369054092313542
"102",18032,1,-0.447735220679202,1256.80959199029,-7.49851210671836,0.117777820252193,0.0228285219933272,-0.25815043413224
"103",18033,1,-1.41748755596059,1254.69023438042,-7.49851210671836,0.117777820252193,0.0253208810903911,-0.0333089979923344
"104",18034,1,-0.853537739874236,1279.29817111531,-7.49851210671836,0.117777820252193,0.0270341234775916,0.313924032530717
"105",18035,2,-1.37481096415183,1297.69303489208,-7.49851210671836,0.117777820252193,0.0255971758620256,0.333105196440648
"106",18036,2,-1.4199403338023,1285.25827182556,-7.49851210671836,0.117777820252193,0.0242069736502688,-0.0312286105407255
"107",18037,2,-0.482821176652287,1288.34266811502,-7.49851210671836,0.117777820252193,0.0250246722225386,0.0333089979923344
"108",18038,1,1.31638425107226,1298.00219282802,-7.49851210671836,0.117777820252193,0.0248169787860879,0.0384372367312553
"109",18039,1,0.963617955073593,1282.31749106511,-7.49851210671836,0.117777820252193,0.0227655599755864,0
"110",18040,1,0.852092995949397,1300.21152010071,-7.49851210671836,0.117777820252193,0.0237161526132608,-0.612121811869468
"111",18041,1,0.609235361661781,1312.51106919512,-7.49851210671836,0.117777820252193,0.024616484925472,0
"112",18042,1,0.11163270954521,1243.16563275404,-7.49851210671836,0.117777820252193,0.0240169457415536,0.235957946878448
"113",18068,1,0.431321919043421,1224.31629617771,-7.34224404152248,0.110364100729391,0.0209699616220323,0.527437646114669
"114",18129,1,0.765351185023868,802.711020357555,-6.59280882589789,0.132039143331855,0.0129317949462205,-0.900266873739267
"115",18247,1,-1.04957987757021,1273.91081940063,-7.49851210671836,0.117777820252193,0.0239138118409223,-0.333029197080292
"116",18250,1,-0.626700846272241,1306.12656347837,-7.49851210671836,0.117777820252193,0.0241907608548656,0
"117",18251,1,-1.25202968250352,1313.47249318982,-7.49851210671836,0.117777820252193,0.0239635883620081,-0.190786450021998
"118",18252,1,1.18979960238502,1298.44118445639,-7.49851210671836,0.117777820252193,0.0237746855557158,-0.333110247034991
"119",18253,1,0.0396123079522231,1253.05700695796,-7.49851210671836,0.117777820252193,0.0247475323219542,0
"120",18254,2,-1.039193108062,1292.19815831726,-7.49851210671836,0.117777820252193,0.0261561212872219,0.0624572210814511
"121",18255,2,0.242891599921804,1292.73891575397,-7.49851210671836,0.117777820252193,0.0236277995170058,-0.0939589890890283
"122",18260,1,1.50529076233184,1287.09725084704,-7.49851210671836,0.117777820252193,0.0197256218932895,-0.666311709947642
"123",18261,2,-1.43847738131847,1247.39664459567,-7.49851210671836,0.117777820252193,0.0229990828124181,-0.350592408338417
"124",18285,1,-0.212796934569867,1071.84122051973,-7.34224404152248,0.110364100729391,0.0205329867267453,-0.0454206072672972
"125",18346,1,-1.13988079783773,938.570217516757,-6.59280882589789,0.132039143331855,0.0152911816079686,-0.522477383034472
"126",18467,1,-1.26576082808267,1093.37367760513,-7.49851210671836,0.117777820252193,0.0221478879008119,-0.401531647597962
"127",18469,1,-1.03822350907194,1285.02449908285,-7.49851210671836,0.117777820252193,0.0239705637317624,-0.0856452890520978
"128",18470,1,-0.618697518157292,1346.48965434951,-7.49851210671836,0.117777820252193,0.0238589071086805,-0.499638770257363
"129",18471,1,0.803403843211981,1288.11921119549,-7.49851210671836,0.117777820252193,0.0239286918377255,-0.345007148443027
"130",18472,1,-0.921897216797815,1160.97027384873,-7.49851210671836,0.117777820252193,0.0239679445756213,-0.116821233245388
"131",18480,2,-0.334230493716485,1226.07842901326,-7.49851210671836,0.117777820252193,0.0234300487823557,-0.242466777106541
"132",18481,1,1.44597771530442,1176.92656445994,-7.49851210671836,0.117777820252193,0.0203962613262606,-0.882555357953181
"133",18482,1,-1.38044878463605,1111.03642092185,-7.49851210671836,0.117777820252193,0.0204371516431629,-0.886339589971191
"134",18565,1,0.822996296503809,980.864228259753,-6.59280882589789,0.132039143331855,0.014500900342104,-0.0333089979923344
"135",18566,1,0.57493958904618,979.360756951814,-6.59280882589789,0.132039143331855,0.0153669194214389,0
"136",18689,1,1.08724664549391,1319.18844425143,-7.49851210671836,0.117777820252193,0.0236932273245839,0
"137",18690,1,-0.59563278617659,1309.02744736911,-7.49851210671836,0.117777820252193,0.024695959787931,0.222036348329679
"138",18701,1,-1.33787229363379,1085.76085600478,-7.49851210671836,0.117777820252193,0.0215278698530776,-0.414008578131633
"139",18785,1,-1.50093143024801,965.815695080783,-6.59280882589789,0.132039143331855,0.0164991972072334,0.199872229464407
"140",18786,1,0.413847446084486,1003.60462393698,-6.59280882589789,0.132039143331855,0.0168180397169637,0.183166825700282
"141",18900,1,-0.992907684861816,1237.08858159078,-7.52795517840064,0.116954207803734,0.0238719443064506,-0.313509074355294
"142",18901,1,0.22112170855153,1218.27606091131,-7.52795517840064,0.116954207803734,0.0232607797946119,-0.194338803665797
"143",18902,2,-0.152769428662718,1211.34845090114,-7.52795517840064,0.116954207803734,0.0231864313449844,-0.0971430135676827
"144",18908,1,-0.809667849184292,1255.36257426801,-7.49851210671836,0.117777820252193,0.02327904225493,-0.0624572210814511
"145",18909,1,1.16362576377297,1279.61097229202,-7.49851210671836,0.117777820252193,0.025101012709527,0.291429040703048
"146",19121,1,1.21378553371383,1179.70485834286,-7.52795517840064,0.116954207803734,0.0219162855767115,-0.154648997160876
"147",19128,1,0.439514417983834,1247.11099359816,-7.49851210671836,0.117777820252193,0.0234804669201603,-0.0749471453799684
"148",19181,1,0.85267119753872,1185.0167065793,-7.34224404152248,0.110364100729391,0.0209695971000458,-0.387262134219162
"149",19182,1,1.42781980320167,1142.6170362091,-7.34224404152248,0.110364100729391,0.0211468765361292,-0.399744458928815
"150",19347,1,-0.65583198083482,1226.530251878,-7.49851210671836,0.117777820252193,0.0244007494628736,0
"151",19387,1,-1.42920685728331,1175.74669786293,-7.34224404152248,0.110364100729391,0.0230059689997332,-0.133829923467059
"152",19399,1,-1.41036059387144,1227.97566895589,-7.34224404152248,0.110364100729391,0.0208516797059765,-0.291429040703048
"153",19400,1,-1.23244383288025,1237.73344256665,-7.34224404152248,0.110364100729391,0.0218562437152538,-0.360114185033209
"154",19567,1,-1.52112054435727,1244.8287551611,-7.49851210671836,0.117777820252193,0.0217581965779568,0
"155",19568,1,-0.130987069982149,1138.19132552882,-7.49851210671836,0.117777820252193,0.0208101106882865,-0.161016122459248
"156",19607,1,-1.34121438102489,1182.2290870293,-7.34224404152248,0.110364100729391,0.0223713464076156,0
"157",19608,1,1.18270501213804,1176.98586325771,-7.34224404152248,0.110364100729391,0.0229932862088791,0.230599139126173
"158",19617,1,0.415190720978535,1216.58556418701,-7.34224404152248,0.110364100729391,0.0215111278750938,-0.466325971892681
"159",19618,1,1.44239927601849,1250.66882493463,-7.34224404152248,0.110364100729391,0.0205226117942047,-0.666058394160584
"160",19619,1,-0.754239784322973,1245.89495204155,-7.34224404152248,0.110364100729391,0.0203835388380704,-0.654269173610705
"161",19785,1,-1.50148327447671,1261.79439150124,-7.49851210671836,0.117777820252193,0.0246257401291505,0
"162",19786,1,1.36467115138113,1270.78103967327,-7.49851210671836,0.117777820252193,0.0223317611027718,0
"163",19787,1,0.549278643290053,1211.15444961202,-7.49851210671836,0.117777820252193,0.0212182122257268,-0.333054522494519
"164",19788,1,-1.51532322640433,1148.38530898995,-7.49851210671836,0.117777820252193,0.0206249055553862,-0.0555048661800487
"165",19824,1,-0.099702932596542,1133.18035510076,-7.34224404152248,0.110364100729391,0.0201837140002471,0.289709489164838
"166",19825,1,-1.29268780756034,1185.23701951784,-7.34224404152248,0.110364100729391,0.0222575529531826,-0.21098874020295
"167",19826,1,0.911484248771281,1213.31603355175,-7.34224404152248,0.110364100729391,0.0234640055037601,-0.20513255537213
"168",19827,1,0.732741193187621,1234.03234060672,-7.34224404152248,0.110364100729391,0.0225111578886809,0
"169",19833,1,0.00730971037183849,1202.33549600149,-7.34224404152248,0.110364100729391,0.0210979408487143,-0.108256143372303
"170",19834,1,1.18518558681121,1211.00760104282,-7.34224404152248,0.110364100729391,0.021462640149012,-0.0262968299711816
"171",19835,2,-1.35165507277256,1209.30213491019,-7.34224404152248,0.110364100729391,0.0219251575278559,0
"172",19836,1,-1.43099028444041,1220.6174797529,-7.34224404152248,0.110364100729391,0.0224518282162535,-0.0717462347235896
"173",19837,1,-1.4504710116036,1237.65238375546,-7.34224404152248,0.110364100729391,0.0210418832080255,-0.249828884325804
"174",19838,1,-1.09128875628604,1241.67055541866,-7.34224404152248,0.110364100729391,0.0204595796054963,-0.18317517498866
"175",20004,1,0.703303616433439,1224.1671555045,-7.49851210671836,0.117777820252193,0.0252383116987542,0.419867825307895
"176",20005,1,-0.0978163833594901,1233.16338207539,-7.49851210671836,0.117777820252193,0.0247387822640939,0.642417137265649
"177",20006,1,1.39284297109278,1183.09179424935,-7.49851210671836,0.117777820252193,0.0207837513224101,0
"178",20007,1,0.492679103186079,1121.52500572144,-7.49851210671836,0.117777820252193,0.0204556416235071,0.0454206072672972
"179",20008,1,0.442919756570687,1097.17887060302,-7.49851210671836,0.117777820252193,0.0203723634819081,-0.25815043413224
"180",20047,1,-1.16194049570631,1272.03976676675,-7.34224404152248,0.110364100729391,0.0223477589978164,0.0773244985804381
"181",20049,1,1.38413961885425,1229.13127844119,-7.34224404152248,0.110364100729391,0.0198615067011731,-0.226021699546484
"182",20050,1,1.34454754948527,1218.75874678314,-7.34224404152248,0.110364100729391,0.0205948045420346,-0.316483110304425
"183",20051,1,-1.10591231827878,1212.34273992579,-7.34224404152248,0.110364100729391,0.0206696121933712,-0.166533594045341
"184",20052,1,0.144750462345265,1210.4964305161,-7.34224404152248,0.110364100729391,0.0199147102174923,0.0728667579283596
"185",20053,1,0.432274714819675,1198.87736348932,-7.34224404152248,0.110364100729391,0.0198956565448189,-0.360114185033209
"186",20057,1,-1.46949868441309,1235.67698035814,-7.34224404152248,0.110364100729391,0.0199905697491506,-0.372340316051573
"187",20103,2,1.3324206708341,1072.68252626634,-6.63983733290385,0.13185409897191,0.0162870049866317,-0.240201871095309
"188",20105,2,-0.0815659834976631,1140.86164647901,-6.63983733290385,0.13185409897191,0.0173424623811591,-0.428361862287881
"189",20106,2,0.819964646906671,1148.98829786257,-6.63983733290385,0.13185409897191,0.0153693027087727,-0.499600782136023
"190",20107,2,-1.33696119496764,1163.75982465476,-6.63983733290385,0.13185409897191,0.0154302805028352,-0.611951569334917
"191",20108,2,-1.44336531715865,1170.55920131769,-6.63983733290385,0.13185409897191,0.0140193115336284,-0.666058394160584
"192",20202,1,1.38656656704322,1276.53412251499,-7.52795517840064,0.116954207803734,0.0222172027426956,-0.321233007920202
"193",20222,1,-0.119583299802853,1087.98172986456,-7.49851210671836,0.117777820252193,0.019139371614052,-0.274832295394008
"194",20224,1,0.211605637490071,1149.61144601747,-7.49851210671836,0.117777820252193,0.0246263225653815,0.666058394160584
"195",20261,1,1.27619846757262,1153.6271609419,-7.34224404152248,0.110364100729391,0.0215763013950057,0
"196",20262,1,-0.961093311741739,1158.30780956879,-7.34224404152248,0.110364100729391,0.0227985086243998,0.201788915625413
"197",20265,1,-1.35407882634781,1272.86268248071,-7.34224404152248,0.110364100729391,0.0222951536152764,0
"198",20268,1,0.810521918491865,1207.05506342323,-7.34224404152248,0.110364100729391,0.0197738627910307,-0.138004657435872
"199",20269,1,-0.0293931289577393,1198.21037839162,-7.34224404152248,0.110364100729391,0.0200473474202666,0
"200",20270,1,-0.609313335112401,1200.10847976649,-7.34224404152248,0.110364100729391,0.0194500016256616,-0.583029197080292
"201",20271,1,-0.953198266499305,1187.59393881865,-7.34224404152248,0.110364100729391,0.0200136482898046,-0.460266022282826
"202",20272,1,0.510686718276507,1157.22841540993,-7.34224404152248,0.110364100729391,0.0202388725131292,-0.0666179959846687
"203",20276,2,-1.39962462934081,1248.16995098767,-7.34224404152248,0.110364100729391,0.022156427441809,-0.224859677650306
"204",20321,1,-1.28567627955154,1018.26910703753,-6.59280882589789,0.132039143331855,0.0160937930699398,-0.774524268438323
"205",20322,1,-0.825058586988849,1003.73451752797,-6.63983733290385,0.13185409897191,0.0168636659787967,-0.291459432124574
"206",20326,2,-1.40520926623059,1169.34956164461,-6.63983733290385,0.13185409897191,0.0164878606921359,-0.484933554213083
"207",20420,1,1.13163857308889,1260.15868180468,-7.52795517840064,0.116954207803734,0.0218411676774169,0
"208",20421,1,1.43951501711479,1262.63485764094,-7.52795517840064,0.116954207803734,0.0206457879589927,-0.499726177437021
"209",20424,1,-0.559027336010769,1078.57553801657,-7.52795517840064,0.116954207803734,0.0173751111537591,-0.0915970852469278
"210",20475,1,-0.526325875047188,1180.26910810832,-7.34224404152248,0.110364100729391,0.0226558373854708,-0.292719105187288
"211",20480,1,-1.30189324455333,1192.11123165999,-7.34224404152248,0.110364100729391,0.0210128730785464,-0.233181227456742
"212",20481,1,0.248639097667138,1217.07448221697,-7.34224404152248,0.110364100729391,0.0218576581267015,-0.0587761674718197
"213",20488,1,-1.16993158984095,1177.094863573,-7.34224404152248,0.110364100729391,0.0197394147984076,0.0293928168787244
"214",20489,2,-1.04334533351216,1179.83113390678,-7.34224404152248,0.110364100729391,0.0200499007050438,-0.137990698370277
"215",20490,1,-1.23772862857489,1152.02497356951,-7.34224404152248,0.110364100729391,0.0205372753507364,0.0773314781132354
"216",20491,1,-1.22709764426841,1111.7986492654,-7.34224404152248,0.110364100729391,0.0185772385664585,-0.1212428548389
"217",20496,2,-0.883237152429389,1201.40698927988,-7.34224404152248,0.110364100729391,0.0206872674634074,-0.379557846900629
"218",20544,2,-1.49420129880827,1086.92803193777,-6.63983733290385,0.13185409897191,0.0176771947554258,0.235957946878448
"219",20545,1,-0.256391576036246,1122.68471021976,-6.63983733290385,0.13185409897191,0.0145650891724639,-0.435293773274656
"220",20639,2,1.42716515735031,1251.60092305556,-7.52795517840064,0.116954207803734,0.0222811742779992,0
"221",20640,1,-1.22915937028208,1223.5380044413,-7.52795517840064,0.116954207803734,0.0198259165355176,0.0645376085330599
"222",20642,1,0.255970674102632,1143.6940559086,-7.52795517840064,0.116954207803734,0.0188001889988593,-0.380826651020275
"223",20695,1,1.34633741472209,1228.95763792506,-7.34224404152248,0.110364100729391,0.023184993914004,-0.199808406643601
"224",20700,1,-1.46087618402469,1260.77243391446,-7.34224404152248,0.110364100729391,0.0223257346737341,-0.141347710994996
"225",20715,1,-1.13596166552769,1186.00363596759,-7.34224404152248,0.110364100729391,0.0210476851094528,-0.0645376085330599
"226",20716,1,-0.154140657969452,1181.86214674831,-7.34224404152248,0.110364100729391,0.0210280715638955,0
"227",20762,1,1.44425643814202,1037.62530524696,-6.63983733290385,0.13185409897191,0.0154144595575542,-0.499714781176557
"228",20763,1,-1.00286821671842,1083.16366499982,-6.63983733290385,0.13185409897191,0.0162049847296231,0
"229",20764,1,0.451439972516419,1102.57622314873,-6.63983733290385,0.13185409897191,0.0140803849355413,-0.625442144721122
"230",20848,1,0.45819748756282,1209.51250192396,-7.52795517840064,0.116954207803734,0.0215936998828306,-0.625521294397714
"231",20849,1,-0.592866576360004,1228.46816123851,-7.52795517840064,0.116954207803734,0.0240464049290229,0.055521752357773
"232",20850,1,0.834407893101805,1238.48735073049,-7.52795517840064,0.116954207803734,0.0237075909163913,0
"233",20851,1,1.26952449334718,1227.15368347078,-7.52795517840064,0.116954207803734,0.0227758347146584,0.298888457474844
"234",20861,1,-1.35461137386649,1112.64015823172,-7.52795517840064,0.116954207803734,0.0167783424300718,-0.269556057075065
"235",20906,1,1.09008638674569,1228.51488270991,-7.49851210671836,0.117777820252193,0.018780099390122,-0.0954045321076553
"236",20907,1,-1.50066551055847,1236.43132760433,-7.49851210671836,0.117777820252193,0.0193603602755643,-0.397214018288034
"237",20914,1,0.980854299915924,1230.96223806117,-7.34224404152248,0.110364100729391,0.0230527409198891,0
"238",20915,1,1.2323967622293,1247.75692305956,-7.34224404152248,0.110364100729391,0.0219072328134384,0
"239",20916,1,-0.396417871732559,1251.55865763446,-7.34224404152248,0.110364100729391,0.0222541748592461,-0.133248152976272
"240",20934,1,-1.21945591665069,1176.5339910683,-7.34224404152248,0.110364100729391,0.0219444427894173,0.0741235879240593
"241",20935,1,1.41132534951549,1167.66564837693,-7.34224404152248,0.110364100729391,0.0217258391943066,0
"242",20981,1,-0.516471852737982,1056.78170138991,-6.63983733290385,0.13185409897191,0.0147201704745424,-0.333079855613465
"243",20982,1,-1.22349940917836,1094.93208758041,-6.63983733290385,0.13185409897191,0.0160137831481421,0
"244",20983,2,-0.565013971228902,1093.20643233059,-6.63983733290385,0.13185409897191,0.0149173555244638,-0.12172444192772
"245",21065,1,-1.15495139312068,1234.95319601562,-7.52795517840064,0.116954207803734,0.0232338209362964,0.112062071355556
"246",21066,1,-0.717248811059513,1241.22526742857,-7.52795517840064,0.116954207803734,0.0219779550367285,-0.166533594045341
"247",21067,1,-0.516014724915892,1236.77488003266,-7.52795517840064,0.116954207803734,0.0220700950876594,-0.166571593725519
"248",21068,1,-1.04352626304439,1252.63986087947,-7.52795517840064,0.116954207803734,0.0229464529208297,0.267659846934118
"249",21069,1,0.915520035361364,1266.82148194543,-7.52795517840064,0.116954207803734,0.0195340937746093,0.174117509309862
"250",21070,1,1.26302970983174,1251.42260160341,-7.52795517840064,0.116954207803734,0.0225293942065083,0.176803521442342
"251",21071,1,-0.820924503884301,1231.35830440447,-7.52795517840064,0.116954207803734,0.0214495798332974,-0.544129389755276
"252",21077,1,-0.930959004556452,1072.37104710769,-7.52795517840064,0.116954207803734,0.0195716072938245,-0.1212428548389
"253",21127,1,0.598561856983567,1213.74234332218,-7.49851210671836,0.117777820252193,0.0230160025402584,0.316452206056888
"254",21202,2,-0.626881941421404,1104.22116094234,-6.63983733290385,0.13185409897191,0.0138418491504643,-0.499714781176557
"255",21283,1,-1.15708494491614,1230.28657462628,-6.81668824150284,0.128157750246102,0.0158958635424267,-0.199808406643601
"256",21284,1,0.519061260418112,1251.44786979905,-6.81668824150284,0.128157750246102,0.0201094370424435,0
"257",21286,1,0.963279934090449,1264.62722973697,-7.52795517840064,0.116954207803734,0.0213454150182654,-0.405640189125879
"258",21287,1,1.29839729881844,1279.71263148008,-7.52795517840064,0.116954207803734,0.0235750531695092,-0.484933554213083
"259",21288,1,1.26337895211597,1291.35767121035,-7.52795517840064,0.116954207803734,0.0224273129315601,-0.47693192066229
"260",21289,1,-0.84715857959949,1275.21837988681,-7.52795517840064,0.116954207803734,0.0230542562069043,-0.199221955351719
"261",21290,1,-0.985652181706106,1237.39311631668,-7.52795517840064,0.116954207803734,0.0178524299834986,-0.581346762526042
"262",21362,1,1.35214394125772,1133.90680065637,-7.34224404152248,0.110364100729391,0.0234316872073993,0.105494370101475
"263",21363,2,0.337812005006214,1099.47787575513,-7.34224404152248,0.110364100729391,0.0208120354872166,-0.0915970852469278
"264",21372,2,1.38809332889796,1216.99626367676,-7.34224404152248,0.110364100729391,0.0213618028177526,0.174136513484845
"265",21373,1,-0.184023073287618,1206.71728789262,-7.34224404152248,0.110364100729391,0.0221041635831274,0
"266",21420,1,1.37009888343082,1151.54062383351,-6.63983733290385,0.13185409897191,0.0163484797674659,-0.285518727673622
"267",21421,1,-1.25573754871361,1134.93237387615,-6.63983733290385,0.13185409897191,0.0165326198662491,-0.558624034790484
"268",21499,1,0.325193158060179,1247.87576503044,-6.81668824150284,0.128157750246102,0.016184829469472,-0.369099320700166
"269",21502,1,0.788176970627097,1253.37261216956,-6.81668824150284,0.128157750246102,0.0189814190603416,0
"270",21503,1,-1.27323717703138,1275.46566198692,-6.81668824150284,0.128157750246102,0.0223818920760409,0.285490809542432
"271",21504,1,1.05378747010406,1280.96981286854,-6.81668824150284,0.128157750246102,0.0192148194406303,-0.0454206072672972
"272",21505,1,0.47590629009579,1281.82731562414,-6.81668824150284,0.128157750246102,0.018910097352497,-0.48293488375656
"273",21506,1,0.994902907337696,1286.08871788248,-6.81668824150284,0.128157750246102,0.018173898507858,-0.729962626140911
"274",21507,1,-1.074855229978,1249.05145852243,-6.81668824150284,0.128157750246102,0.0190163514112193,-0.333029197080292
"275",21508,1,1.38540252186109,1232.58103635628,-6.81668824150284,0.128157750246102,0.0195244311477799,-0.261210185254762
"276",21509,1,1.47419972785991,1246.57730196252,-6.81668824150284,0.128157750246102,0.0148477884850378,-0.637402162294736
"277",21581,1,-0.706858369494955,1157.10140107885,-7.34224404152248,0.110364100729391,0.0214130941764096,0.235957946878448
"278",21582,1,0.236746874463977,1107.69728575803,-7.34224404152248,0.110364100729391,0.0212568479505611,-0.0277566539923954
"279",21591,1,0.416826035307107,1206.98179977374,-7.34224404152248,0.110364100729391,0.0214584578918245,0.160169772412762
"280",21592,1,-1.31393463904932,1199.56497240515,-7.34224404152248,0.110364100729391,0.0216546321705039,0.160131772732584
"281",21593,1,0.08954843848981,1222.28835592342,-7.34224404152248,0.110364100729391,0.0200366659372481,-0.0627018148710588
"282",21640,1,0.783040323836197,1069.6903705753,-6.63983733290385,0.13185409897191,0.0149398943395963,-0.632864903542504
"283",21718,1,-0.990330995124905,1257.40069146485,-6.81668824150284,0.128157750246102,0.0203363193895682,-0.174098513804667
"284",21719,1,0.406839499821303,1268.03990043457,-6.81668824150284,0.128157750246102,0.0205858861642446,-0.405585469588246
"285",21720,1,1.35656524448752,1264.89404297327,-6.81668824150284,0.128157750246102,0.0187680318309916,-0.499657768651608
"286",21721,1,-0.609122611686457,1269.97479165901,-6.81668824150284,0.128157750246102,0.0216456966308762,-0.0384291429774689
"287",21722,1,0.477824877479949,1264.13403587367,-6.81668824150284,0.128157750246102,0.0195864172139825,-0.471825129749383
"288",21730,1,-0.876187533474537,1130.08306444676,-6.81668824150284,0.128157750246102,0.0151094000543567,-0.79218876168167
"289",21731,1,0.776013334981471,1094.63124388869,-6.81668824150284,0.128157750246102,0.0152519130309136,-0.218102558293958
"290",21811,1,1.35120300792131,1134.65398877965,-7.34224404152248,0.110364100729391,0.0192302691764349,-0.243341813978696
"291",21812,1,1.45299010165239,1186.29501822799,-7.34224404152248,0.110364100729391,0.0195747225828637,-0.360114185033209
"292",21813,1,0.451634065266762,1226.50085681975,-7.34224404152248,0.110364100729391,0.020863422914916,0
"293",21814,1,-0.610895381218211,1212.47322155729,-7.34224404152248,0.110364100729391,0.0207549533471884,0.0944719849502529
"294",21931,2,0.656990505108652,1186.84951422482,-7.03341489022089,0.117630913334229,0.0184731953602651,-0.0454206072672972
"295",21932,2,1.29184238394667,1187.78138271912,-7.03341489022089,0.117630913334229,0.0196411795232181,-0.208209741113153
"296",21933,1,-0.98972801983001,1202.56664356714,-7.03341489022089,0.117630913334229,0.0214208517684958,0.269028282103642
"297",21935,1,0.45270797248098,1254.28719398776,-7.03341489022089,0.117630913334229,0.0212493523830783,0.0587856337574489
"298",21936,1,1.42998467497133,1262.59358809301,-7.03341489022089,0.117630913334229,0.0195296717811334,-0.122139748342442
"299",21937,1,0.267136257133158,1273.07782495812,-6.81668824150284,0.128157750246102,0.0205557809212929,-0.19628714454851
"300",21938,1,1.39379859920748,1283.05015357635,-6.81668824150284,0.128157750246102,0.0181270279313352,-0.142745404771216
"301",21939,1,-1.28837475946718,1279.68717759672,-6.81668824150284,0.128157750246102,0.0183630702227892,-0.416091225920821
"302",21940,1,1.38192150537693,1284.72610095108,-6.81668824150284,0.128157750246102,0.0204803089871154,-0.535524628808694
"303",21941,1,1.06108234690061,1243.00911371196,-6.81668824150284,0.128157750246102,0.0203651346477279,-0.706671836133955
"304",21943,1,1.41849149111847,1091.81821104186,-6.81668824150284,0.128157750246102,0.0130462422532125,-0.999452354874042
"305",22084,1,-0.98443142073582,818.156520155054,-6.63983733290385,0.13185409897191,0.0120452858155523,-0.162213916920202
"306",22150,1,1.28949178029057,1213.00301223962,-7.03341489022089,0.117630913334229,0.0186023718861779,0.0333089979923344
"307",22151,1,0.118784362126463,1217.85656591851,-7.03341489022089,0.117630913334229,0.0214809518150991,0
"308",22152,1,1.47599253330301,1235.26252585111,-7.03341489022089,0.117630913334229,0.0213432678534924,0.316429403128417
"309",22153,1,1.4302960097034,1265.53300020096,-7.03341489022089,0.117630913334229,0.0161647850386875,-0.0293880837359098
"310",22154,1,-0.757321329766716,1283.8465566208,-7.03341489022089,0.117630913334229,0.0202416565657909,0.0277608761788865
"311",22155,1,0.80323520796396,1285.51692553615,-7.03341489022089,0.117630913334229,0.0206263550545042,-0.324295578367235
"312",22156,1,-1.36964690360529,1292.21185123332,-6.81668824150284,0.128157750246102,0.0178029485919271,-0.183222292927254
"313",22157,1,1.00787683462545,1300.78305575622,-6.81668824150284,0.128157750246102,0.0190060672375625,0.267687765065308
"314",22158,1,1.01025628447107,1292.23177434714,-6.81668824150284,0.128157750246102,0.0202829650301362,-0.0713727023856081
"315",22159,1,-0.709170657082005,1293.83637462998,-6.81668824150284,0.128157750246102,0.0207219374458261,-0.21812349689235
"316",22160,1,-1.12642781832065,1265.18615785704,-6.81668824150284,0.128157750246102,0.0177513204119119,-0.333079855613465
"317",22161,2,-1.53494790714753,1156.72074620997,-6.81668824150284,0.128157750246102,0.0161727730533377,-0.392040171610282
"318",22369,1,1.12583647264891,1234.21857964484,-7.03341489022089,0.117630913334229,0.0205014024332036,0
"319",22370,1,1.45158567470066,1245.62646473079,-7.03341489022089,0.117630913334229,0.0219800817138501,-0.0356863511928041
"320",22371,1,1.04679266082533,1264.23290896755,-7.03341489022089,0.117630913334229,0.0219894483391327,0.369054092313542
"321",22372,1,1.03260059640826,1285.999423895,-7.03341489022089,0.117630913334229,0.0172777779359157,-0.183221530262672
"322",22373,1,-1.30921748277079,1298.10922925149,-7.03341489022089,0.117630913334229,0.0222244467131854,0.267659846934118
"323",22374,1,0.772982705192896,1297.85481755245,-7.03341489022089,0.117630913334229,0.0222894042084999,0.292622218349097
"324",22379,1,0.766201143080405,1258.61406559424,-6.81668824150284,0.128157750246102,0.0187303709414945,-0.360114185033209
"325",22380,1,0.916451564713262,1193.89135957967,-6.81668824150284,0.128157750246102,0.0125878045983794,-0.998859801092394
"326",22599,1,-0.667064965320349,1211.28302999621,-6.81668824150284,0.128157750246102,0.0155136310909321,-0.554551466661219
"327",22804,1,0.987283514445642,1116.13884401565,-7.03341489022089,0.117630913334229,0.0151399394760508,-0.66615971122693
"328",22818,1,-0.566550139236209,1192.17281411365,-6.81668824150284,0.128157750246102,0.0163719195952373,-0.535204648540789
"329",22819,1,-1.47247638427772,1130.51304457193,-6.81668824150284,0.128157750246102,0.014212978743244,-0.999201564272046
"330",22820,1,-1.34669363004756,1047.17017374021,-6.81668824150284,0.128157750246102,0.0127141683296222,-0.582934063426877
"331",23038,1,1.49599593680577,1136.64631767022,-6.81668824150284,0.128157750246102,0.0149662438392811,-0.832857968627596
"332",23039,1,-1.50357339029728,1078.62564821652,-6.81668824150284,0.128157750246102,0.0159344288992508,-0.441353722884511
"333",23257,1,1.14251675924856,1124.05595191783,-6.81668824150284,0.128157750246102,0.0165145073284335,-0.499657768651608
"334",23258,1,-1.4594182131461,1085.66300204254,-6.81668824150284,0.128157750246102,0.0157293746126845,-0.242728245933185
"335",23347,1,-1.42211308872832,1162.92941360156,-7.0507468566657,0.115214038354531,0.0166983160716503,0
"336",23349,1,0.724998388848865,1209.44708714589,-7.0507468566657,0.115214038354531,0.0178639670612106,-0.44478340474114
"337",23475,1,-0.133982686142417,1098.21356308513,-6.81668824150284,0.128157750246102,0.0164155720908276,-0.292404874505519
"338",23476,1,0.686065120927397,1115.62719661717,-6.81668824150284,0.128157750246102,0.0180903350085225,-0.0999315556029958
"339",23477,1,1.26876237384202,1095.20527527501,-6.81668824150284,0.128157750246102,0.013773252872186,-0.999087591240876
"340",23544,1,1.01857136783022,1236.67931756038,-7.0507468566657,0.115214038354531,0.017117053432144,-0.333097579512208
"341",23568,1,-1.4302232864407,1159.67765752094,-7.0507468566657,0.115214038354531,0.0194700326396733,-0.222370763772178
"342",23569,1,-0.56836997636554,1182.45070254466,-7.0507468566657,0.115214038354531,0.0185745965719651,-0.111026618537822
"343",23570,1,-1.43804808892394,1204.82242289891,-7.0507468566657,0.115214038354531,0.0194625554053384,-0.309297994321752
"344",23694,2,1.38129205409175,1073.62612274589,-6.81668824150284,0.128157750246102,0.0166675424046009,0.690044707729045
"345",23695,1,0.30743337872808,1101.85555737209,-6.81668824150284,0.128157750246102,0.0176198918871006,0.0953795451265909
"346",23696,1,-0.834405822879266,1083.25799715344,-6.81668824150284,0.128157750246102,0.01539454600722,-0.666134376181364
"347",23697,1,-1.00594727803062,1053.73460738546,-6.81668824150284,0.128157750246102,0.0140799487423007,-1.04918328633725
"348",23761,1,-0.242644798745389,1192.33435027184,-7.0507468566657,0.115214038354531,0.0171052510591281,-0.320231170450022
"349",23762,2,-1.49504589714912,1199.41937989664,-7.0507468566657,0.115214038354531,0.0190303831378157,-0.113010849773242
"350",23763,1,0.957928730207267,1232.22066426678,-7.0507468566657,0.115214038354531,0.017664426189673,-0.335399000979064
"351",23764,1,-0.118348028166021,1256.65123846041,-7.0507468566657,0.115214038354531,0.0166651115384871,-0.550132405392648
"352",23788,2,0.69035589283201,1172.80455358123,-7.0507468566657,0.115214038354531,0.0178574584528505,-0.292663258002323
"353",23789,1,-0.743477578681823,1206.64171537789,-7.0507468566657,0.115214038354531,0.0182551110642394,-0.25815043413224
"354",23914,1,0.828056573853356,1043.18712908032,-6.81668824150284,0.128157750246102,0.0181385637097892,-0.322682976658
"355",23915,1,1.18409425341606,1039.81753400452,-6.81668824150284,0.128157750246102,0.0156934067567497,-0.582934063426877
"356",23916,1,0.470904409288028,1012.10684059474,-6.81668824150284,0.128157750246102,0.0161634363579269,-0.584877591590975
"357",23965,1,1.36167418857594,822.567819577579,-6.7101949954295,0.12837943263334,0.0129398525770047,-0.112429838825153
"358",23980,1,1.42460055751319,1253.10142650429,-7.0507468566657,0.115214038354531,0.0161008252904986,-0.83276299110162
"359",23981,1,0.48278775611592,1245.04406067344,-7.0507468566657,0.115214038354531,0.017192674278956,-0.564058517897158
"360",23982,1,-1.3165126138838,1244.92506891862,-7.0507468566657,0.115214038354531,0.0156517418921594,-0.381697796496559
"361",23983,1,1.32237386681649,1257.09364717112,-7.0507468566657,0.115214038354531,0.0147913236810199,-0.551962793481107
"362",23984,1,-0.922864326962451,1271.93830671022,-7.0507468566657,0.115214038354531,0.0156214380551269,-0.499691973044315
"363",24134,2,0.0350067152565358,997.658454228936,-6.81668824150284,0.128157750246102,0.0172244097540256,-0.0262968299711816
"364",24135,1,1.19636003302995,985.086590804404,-6.81668824150284,0.128157750246102,0.0151739867938301,-0.261176263964794
"365",24200,1,1.40831151771194,1260.76792123758,-7.0507468566657,0.115214038354531,0.0131254972394762,-0.399744458928815
"366",24331,1,1.42563474350875,1040.34936340889,-7.03341489022089,0.117630913334229,0.0172091619013373,0.041638147387634
"367",24336,1,1.25072438268758,1019.18129820601,-7.03341489022089,0.117630913334229,0.0158595464353594,-0.174123843071254
"368",24551,1,1.49896678100362,993.821009642633,-7.03341489022089,0.117630913334229,0.0170386347243295,-0.041638147387634
"369",24552,1,1.07360945426211,1030.32866356823,-7.03341489022089,0.117630913334229,0.017664088694531,-0.440687283216171
"370",24637,1,-0.856560808251313,1176.60300131528,-7.0507468566657,0.115214038354531,0.0138749058698949,-0.499828884325804
"371",24638,1,1.51986539614062,1118.84749076616,-7.0507468566657,0.115214038354531,0.0143100059440196,-0.632925686385556
"372",24640,1,1.48385923995613,1087.40280777354,-7.0507468566657,0.115214038354531,0.0176485124742954,0.333029197080292
"373",24769,1,-1.48520641750996,1026.75115736778,-7.03341489022089,0.117630913334229,0.0146526310892347,-0.535319693868237
"374",24772,1,-0.709145944502125,1000.29097408431,-7.03341489022089,0.117630913334229,0.0164380160304567,-0.104709623970425
"375",24773,1,0.58638344609954,994.35711978985,-7.03341489022089,0.117630913334229,0.016161625311788,0.194326133252206
"376",24840,1,1.24460811352113,912.200557655704,-6.7101949954295,0.12837943263334,0.0168237017426616,-0.102601312926334
"377",24841,1,0.87755165026345,987.737090230707,-6.7101949954295,0.12837943263334,0.0144436883485882,-0.413899169006852
"378",24842,1,-1.48512989479562,994.000636786646,-6.7101949954295,0.12837943263334,0.0154252098698312,-0.267715694119084
"379",24856,1,-0.850443116741162,1108.45063747308,-7.0507468566657,0.115214038354531,0.0152515178520479,0.124914442162902
"380",24857,1,-0.2856599546662,1053.37961551605,-7.0507468566657,0.115214038354531,0.016072218585788,-0.20188471925014
"381",24860,1,-1.37193139880288,1082.27166242499,-7.0507468566657,0.115214038354531,0.017273724848991,0.176776161673525
"382",24862,2,1.47700026189309,978.70024907581,-7.0507468566657,0.115214038354531,0.0156569331391524,0.0741305674568567
"383",24885,2,-1.1942760325767,1248.36680307251,-7.0507468566657,0.115214038354531,0.0205916652292137,-0.272557564893751
"384",24987,1,0.934756594125758,1086.94131306385,-7.03341489022089,0.117630913334229,0.0142102433107764,-0.0312286105407255
"385",24988,1,0.978997513184398,1022.19873364925,-7.03341489022089,0.117630913334229,0.0154178801224057,0.348197027609335
"386",24989,1,1.31269209609897,966.497400064149,-7.03341489022089,0.117630913334229,0.0161377094145969,0.378320641582013
"387",24992,1,-1.49887005401038,944.292825990857,-7.03341489022089,0.117630913334229,0.0147858211769436,-0.392608493489727
"388",24993,1,0.36305648825104,921.333878881398,-7.03341489022089,0.117630913334229,0.0138975563007808,0
"389",25060,1,-0.0354938905328815,983.404087273474,-6.7101949954295,0.12837943263334,0.0147567301770549,-0.279041147863076
"390",25061,1,-0.64755077117246,1033.95672465853,-6.7101949954295,0.12837943263334,0.0133818356938517,-0.555090870824198
"391",25062,1,0.309942811525703,1052.38883460453,-6.7101949954295,0.12837943263334,0.0137073890272842,-0.642354321470473
"392",25073,1,-1.46189965852544,1121.81901968578,-7.0507468566657,0.115214038354531,0.0162029064633166,1.30841271563106
"393",25074,1,-0.348126489706822,1073.16726062444,-7.0507468566657,0.115214038354531,0.0137731964287765,-0.707772523568998
"394",25075,1,0.749510216770182,1016.78361301075,-7.0507468566657,0.115214038354531,0.0155184944047644,-0.041638147387634
"395",25081,2,0.158718421050758,931.199021821435,-7.0507468566657,0.115214038354531,0.0162941778151326,0.229032613560458
"396",25206,1,-0.479411355710371,1074.6486361058,-7.03341489022089,0.117630913334229,0.0145173877370337,0.463776109892802
"397",25207,1,1.43507350502646,1014.92745706695,-7.03341489022089,0.117630913334229,0.0138453124522106,-0.162593300161595
"398",25208,1,1.38303737116393,956.910711089587,-7.03341489022089,0.117630913334229,0.0143800032808159,-0.0384372367312553
"399",25275,1,-0.106245557003189,863.943956503446,-6.7101949954295,0.12837943263334,0.0152236750666738,-0.39198146632452
"400",25276,1,1.43306077106993,894.375410365375,-6.7101949954295,0.12837943263334,0.0146558131140268,-0.999368155012637
"401",25277,1,1.22495674613424,935.649575788205,-6.7101949954295,0.12837943263334,0.0172791217894788,0.240226152356668
"402",25278,1,1.5152559169888,935.657232229259,-6.7101949954295,0.12837943263334,0.0174202307359956,0.422308844094995
"403",25279,1,-0.910675905257993,980.116776058167,-6.7101949954295,0.12837943263334,0.0122168404069388,-0.828017156263265
"404",25280,1,-0.925379575509913,1052.91758959115,-6.7101949954295,0.12837943263334,0.0134253807464266,-0.908096584368637
"405",25281,1,-0.489793452636023,1095.72765910343,-6.7101949954295,0.12837943263334,0.0144288040134184,-0.522409540454536
"406",25282,1,0.570227000587615,1043.99553238156,-6.7101949954295,0.12837943263334,0.014130029198506,-0.333067188090682
"407",25289,1,1.44606532144345,1146.17959603201,-6.7101949954295,0.12837943263334,0.0134957665248747,-0.905287942501388
"408",25291,1,-1.10071471203799,1154.13504024592,-6.7101949954295,0.12837943263334,0.0159791296838113,0.416394141399123
"409",25292,2,-0.71635601468526,1099.84886513251,-7.0507468566657,0.115214038354531,0.0210743678175029,1.79064938359308
"410",25293,2,0.634268057279803,1016.37296173195,-7.0507468566657,0.115214038354531,0.0169249500487385,-0.190786450021998
"411",25299,1,-0.826035525468868,999.92178865582,-7.0507468566657,0.115214038354531,0.0165475164150213,-0.183240534437655
"412",25300,2,-1.51848776236874,932.752291152306,-7.0507468566657,0.115214038354531,0.0164808692803119,-0.201531038528665
"413",25425,1,1.17348844640222,1057.67438929234,-7.03341489022089,0.117630913334229,0.0142567536036148,-0.536544524656159
"414",25426,1,1.34287108054072,1005.48533646612,-7.03341489022089,0.117630913334229,0.0146274277570496,0.208209741113153
"415",25427,1,-0.891646624277517,948.25057776649,-7.03341489022089,0.117630913334229,0.0152830710316693,0
"416",25428,1,-1.26812727772533,895.790572114164,-7.03341489022089,0.117630913334229,0.0144984363456428,-0.499682199405014
"417",25494,1,-1.40847009427163,821.516968196014,-6.7101949954295,0.12837943263334,0.0148954726948849,-0.25815043413224
"418",25495,1,1.41609483671356,860.738174789286,-6.7101949954295,0.12837943263334,0.0154349027345981,0
"419",25496,1,1.52398410839105,926.414899778737,-6.7101949954295,0.12837943263334,0.0151735261989405,-0.499657768651608
"420",25497,1,-1.25007475165113,973.200667961555,-6.7101949954295,0.12837943263334,0.015306051157818,0
"421",25498,1,1.51029891631228,1019.93212790065,-6.7101949954295,0.12837943263334,0.0169890510233294,0.518889897693036
"422",25499,1,-1.10474053450085,1074.96672745206,-6.7101949954295,0.12837943263334,0.0136690339288965,-0.75249474449431
"423",25500,1,-0.129494391414017,1129.62184154845,-6.7101949954295,0.12837943263334,0.0155097082293019,-0.449190045767578
"424",25501,1,-1.50081732722045,1087.86588210536,-6.7101949954295,0.12837943263334,0.0128366187110639,-0.999379848726276
"425",25502,1,1.37535605383228,1028.96826643236,-6.7101949954295,0.12837943263334,0.0121866961126927,-0.514364236234324
"426",25508,1,-0.848346921213358,1203.49579755563,-6.7101949954295,0.12837943263334,0.0166782721965217,-0.392040171610282
"427",25509,1,-1.33591363409827,1220.26970591091,-6.7101949954295,0.12837943263334,0.016453404969148,-0.546669418907652
"428",25510,1,0.464665246013528,1181.42894348089,-6.7101949954295,0.12837943263334,0.0151368732471158,-0.279041147863076
"429",25511,2,-1.31473004388117,1091.16363847996,-7.0507468566657,0.115214038354531,0.0210093651271604,1.12472992541091
"430",25518,1,1.31199592801749,930.342528200929,-7.0507468566657,0.115214038354531,0.0146426063042438,-0.333242059145674
"431",25519,1,-0.698821187918545,928.176258181994,-7.0507468566657,0.115214038354531,0.015647427187461,0
"432",25534,1,1.4915679843484,1076.11291197691,-7.0507468566657,0.115214038354531,0.0155439678650384,-0.88244228698662
"433",25543,1,-0.710383514105464,1344.18690212461,-7.0507468566657,0.115214038354531,0.0179711173474342,-0.463946991482629
"434",25544,1,1.3622590099406,1344.97284609472,-7.0507468566657,0.115214038354531,0.0202623766068222,-0.267779892947767
"435",25644,1,1.13839557043304,1015.52642746123,-7.03341489022089,0.117630913334229,0.0170232908237946,0.183147830195087
"436",25645,1,1.40302800694263,990.243875001573,-7.03341489022089,0.117630913334229,0.0178587393365919,0.236188815778895
"437",25647,2,1.16265341424269,904.713452995436,-7.03341489022089,0.117630913334229,0.0154271906411438,-0.208171741432975
"438",25718,2,0.0288792123786043,1073.53338104034,-6.7101949954295,0.12837943263334,0.0141122805257851,-0.358731173617948
"439",25719,1,-1.49678325724208,1128.2984195173,-6.7101949954295,0.12837943263334,0.0159912549819156,-0.388601607971238
"440",25720,1,-0.0514186935839241,1137.379136655,-6.7101949954295,0.12837943263334,0.0135663125059856,-0.527524330900243
"441",25721,2,1.46012674893193,1068.93356577546,-6.7101949954295,0.12837943263334,0.0141151925124663,-0.514378650473942
"442",25722,1,1.05762884263078,1004.50718530722,-6.7101949954295,0.12837943263334,0.0146236634587043,-0.397119847826486
"443",25727,1,-1.31897447105752,1219.57584602651,-6.7101949954295,0.12837943263334,0.0156285685485335,0.0312286105407255
"444",25729,1,1.50263238386304,1168.8349480001,-6.7101949954295,0.12837943263334,0.0137747735224396,-1.73087352376761
"445",25730,1,-0.031328004956688,1105.1293313665,-7.0507468566657,0.115214038354531,0.0153571038901949,-0.522352527929587
"446",25752,1,1.13419265469049,990.401732488814,-7.0507468566657,0.115214038354531,0.0137087050480012,-0.449719355300613
"447",25753,1,0.859049713712242,1064.03455802842,-7.0507468566657,0.115214038354531,0.0180791180909409,0
"448",25754,1,-0.373924054826732,1124.46954265929,-7.0507468566657,0.115214038354531,0.0174203252665501,0
"449",25762,1,0.255677135770048,1394.34631708561,-7.0507468566657,0.115214038354531,0.0199009335513511,0
"450",25763,1,-0.410926552260866,1404.78083916672,-7.0507468566657,0.115214038354531,0.0192481794066794,-0.0596119084669829
"451",25764,1,-0.962018938616917,1356.96296642037,-6.74922932134483,0.130928905320072,0.0137937928647703,-0.333097579512208
"452",25933,1,-0.50851868143099,811.419879302343,-6.7101949954295,0.12837943263334,0.0153708748817314,0
"453",25938,2,-0.332876801544752,1104.95980238666,-6.7101949954295,0.12837943263334,0.0140852435799297,-0.518889541444591
"454",25939,2,1.41825813281349,1156.24664540379,-6.7101949954295,0.12837943263334,0.0140169980927059,-0.320261561871548
"455",25940,2,1.0858130608459,1099.61769220645,-6.7101949954295,0.12837943263334,0.0133464594453903,-0.518865115468415
"456",25941,2,1.15092418952234,1069.01312854598,-6.7101949954295,0.12837943263334,0.0139756775445244,-0.774524268438323
"457",25946,1,-0.552216267180851,1231.87287652846,-6.7101949954295,0.12837943263334,0.0142420279771825,-0.449190045767578
"458",25949,2,1.22029701775657,1079.757603582,-7.0507468566657,0.115214038354531,0.0134018980862305,-1.03787237224106
"459",25950,1,1.37110180890152,1049.30166397232,-7.0507468566657,0.115214038354531,0.0143378548949813,-0.756425635628095
"460",25988,1,0.461420255616269,953.998403845069,-6.74922932134483,0.130928905320072,0.0115609514016749,-2.25974516114855
"461",25989,1,0.0248605692021474,899.323881510567,-6.74922932134483,0.130928905320072,0.0112726309276901,-0.878073528400536
"462",26158,1,0.673762297311442,1118.91659844787,-6.7101949954295,0.12837943263334,0.0143585890427978,-0.702798642509338
"463",26159,1,1.46541279977823,1147.09850775709,-6.7101949954295,0.12837943263334,0.0157164980426607,-0.499771793701506
"464",26160,1,-1.17067295899207,1136.65708888369,-6.7101949954295,0.12837943263334,0.0138938308222437,-0.792298140855965
"465",26161,1,-1.51932663307015,1092.74754683458,-6.7101949954295,0.12837943263334,0.0123757850962765,-1.34753710961988
"466",26162,2,-1.41736831592709,1077.34805550941,-6.7101949954295,0.12837943263334,0.0109869708504134,-0.839286098795063
"467",26193,1,-0.78777547600201,1135.80608939665,-7.0507468566657,0.115214038354531,0.0172915289466872,0.0454206072672972
"468",26194,1,-1.50081958777082,1175.21708015196,-7.0507468566657,0.115214038354531,0.0173056126947169,-0.148247175848119
"469",26208,1,1.34116476361441,992.842179013949,-6.74922932134483,0.130928905320072,0.0121585147685445,-1.41441044236693
"470",26209,1,-0.976015778270554,946.796980073738,-6.74922932134483,0.130928905320072,0.0126506854306605,-0.75249474449431
"471",26377,1,0.42107198140923,1116.32627170859,-6.7101949954295,0.12837943263334,0.0129268030260514,-0.999543795620438
"472",26378,1,1.05683696853606,1134.420654995,-6.7101949954295,0.12837943263334,0.0155036308096484,-0.460322557766107
"473",26379,1,1.23939712357428,1154.1758457485,-6.7101949954295,0.12837943263334,0.0155672953500228,-0.666058394160584
"474",26380,1,0.664665309843242,1153.2918680112,-6.7101949954295,0.12837943263334,0.0137131163620605,-0.752017124642789
"475",26381,1,-1.1094422272775,1138.79743702015,-6.7101949954295,0.12837943263334,0.0128762598481863,-0.433053456921149
"476",26424,1,-1.10208762793379,1225.57039716404,-6.74922932134483,0.130928905320072,0.016721547960894,-0.333079855613465
"477",26428,1,-1.2548514386917,1018.15491515466,-6.74922932134483,0.130928905320072,0.0129999053830687,-0.794624203533843
"478",26596,2,1.31789002341407,1073.5570020303,-6.7101949954295,0.12837943263334,0.0165302854716231,0.285831546509521
"479",26597,2,-0.490566250284959,1089.37607304942,-6.7101949954295,0.12837943263334,0.0164953873352429,-0.148247175848119
"480",26600,1,-1.37803408353606,1211.50073566416,-6.7101949954295,0.12837943263334,0.0164762391645118,0
"481",26601,1,-1.49031457721046,1212.17007006885,-6.7101949954295,0.12837943263334,0.0172129999826449,-0.0856452890520978
"482",26644,1,-1.47967354839333,1196.10077574557,-6.74922932134483,0.130928905320072,0.0160135441740847,-0.603435060413513
"483",26645,1,1.23494341485121,1152.11898281025,-6.74922932134483,0.130928905320072,0.0135572922930876,-0.426957024290492
"484",26646,1,1.08628654030891,1083.73557240526,-6.74922932134483,0.130928905320072,0.0123168809234811,-0.333181195801004
"485",26815,1,-1.47809501119481,1027.36876299744,-6.7101949954295,0.12837943263334,0.0154653693450693,0.21520224111878
"486",26816,1,1.17919598179377,1065.38608811252,-6.7101949954295,0.12837943263334,0.0158378535141873,0.381518180506364
"487",26820,2,1.462261236251,1253.37457492534,-6.7101949954295,0.12837943263334,0.0198628606377459,0.283112805547219
"488",26861,1,0.20839354307906,1142.87728629425,-6.74922932134483,0.130928905320072,0.016939606367647,0
"489",26862,1,-0.83087900760077,1158.89084853194,-6.74922932134483,0.130928905320072,0.0165328522388469,-0.370625080362227
"490",26863,1,1.43403480347297,1147.22337410144,-6.74922932134483,0.130928905320072,0.0132086182450836,-0.499521091454488
"491",26864,1,-0.485636444364063,1110.25097252415,-6.74922932134483,0.130928905320072,0.012474225715954,-0.248547702163103
"492",26865,1,1.36605475607876,1049.46990381437,-6.74922932134483,0.130928905320072,0.0130849709301565,0.281627664556593
"493",27039,1,-0.408728034332314,1233.24074430427,-6.7101949954295,0.12837943263334,0.0190752038269358,0.174117509309862
"494",27040,1,1.46165335767382,1186.95433503889,-6.7101949954295,0.12837943263334,0.0179833804661646,0.159551153021781
"495",27041,1,-1.44776401984153,1131.07681430216,-6.7101949954295,0.12837943263334,0.0163704525078315,-0.0333089979923344
"496",27042,1,-1.44531574123413,1076.36892784086,-6.7101949954295,0.12837943263334,0.0141516265855405,-0.499771793701506
"497",27080,1,-1.48340343174793,1103.16842364073,-6.74922932134483,0.130928905320072,0.0170620597435442,-0.348247686142508
"498",27082,1,1.22956160012667,1114.53609274162,-6.74922932134483,0.130928905320072,0.0156699464179613,-0.499657768651608
"499",27083,1,-1.47214692172112,1106.52090510529,-6.74922932134483,0.130928905320072,0.01783836565293,0.331041894191893
"500",27250,1,1.3199238085145,981.402008822193,-6.7101949954295,0.12837943263334,0.0137437016857399,-0.299750590509483
"501",27251,1,0.291644756366321,965.079451955994,-6.7101949954295,0.12837943263334,0.0144718795963798,0.055521752357773
"502",27252,2,0.883769682673244,958.775161343713,-6.7101949954295,0.12837943263334,0.0146000758011929,-0.474909991677972
"503",27253,2,-1.35371097670807,1004.57355810462,-6.7101949954295,0.12837943263334,0.0146286790412517,0.129301065459162
"504",27259,1,1.12679139821978,1161.74030307824,-6.7101949954295,0.12837943263334,0.0167412901217058,-0.0624572210814511
"505",27260,1,0.377384583311174,1133.63193958415,-6.7101949954295,0.12837943263334,0.0168549995423276,0.174887059906604
"506",27298,1,1.0252190856233,1053.67170507398,-6.74922932134483,0.130928905320072,0.0143794626801713,-0.599671412924425
"507",27469,1,-1.14317663686234,876.86803435446,-6.7101949954295,0.12837943263334,0.0125727764646551,-0.102552597801657
"508",27471,1,-0.486133089748279,881.491190025655,-6.7101949954295,0.12837943263334,0.0138340286171881,-0.967972953731321
"509",27472,1,-1.38567298606873,953.304456938562,-6.7101949954295,0.12837943263334,0.0146006026836204,-0.190786450021998
"510",27473,1,0.71159841136546,983.297467496542,-6.7101949954295,0.12837943263334,0.0149630295406037,-0.291429040703048
"511",27474,1,-1.4862025603266,1032.77995554644,-6.7101949954295,0.12837943263334,0.0172958997965584,0.606692396253845
"512",27475,2,1.29560753142014,1071.32427058198,-6.7101949954295,0.12837943263334,0.0145138763110051,0.105477483923751
"513",27691,1,1.24738292350417,896.777599981728,-6.7101949954295,0.12837943263334,0.013121752089284,0.348235018619725
"514",27692,1,-0.0469009194090675,934.974405255576,-6.7101949954295,0.12837943263334,0.0120438389070389,-0.222087009431092
"515",27693,1,-1.51315411940063,1023.20975783195,-6.7101949954295,0.12837943263334,0.0161837355006624,0.617779957333293
"516",27694,2,0.486615836098716,1037.34113730573,-6.7101949954295,0.12837943263334,0.0153576117325164,0.125403629742118
"517",27695,1,1.47898930977641,966.56314963469,-6.7101949954295,0.12837943263334,0.0165888234563796,0.46636853541695
"518",27750,1,0.1849519011419,860.677938307604,-6.74922932134483,0.130928905320072,0.0150756332612671,-0.0587856337574489
"519",27751,1,-1.5093405405338,845.967897367635,-6.74922932134483,0.130928905320072,0.0142610136487008,0
"520",27911,1,-0.878217882174782,940.58114246784,-6.7101949954295,0.12837943263334,0.0159892717734407,-0.116804616749561
"521",27912,1,-1.45374766170413,987.01657475787,-6.7101949954295,0.12837943263334,0.0160895707888762,-0.353886261784499
"522",27913,2,-0.103765996865066,970.156168315083,-6.7101949954295,0.12837943263334,0.015922262536517,-0.208973260554583
"523",27914,1,0.836652615797249,927.942771646123,-6.7101949954295,0.12837943263334,0.014256899663468,0.678967465898293
"524",27916,1,-1.41384603500716,985.050677983636,-6.7101949954295,0.12837943263334,0.0142187880581413,-0.94267280922181
"525",28130,1,-1.52103570752254,882.026192106106,-6.7101949954295,0.12837943263334,0.0151988920265241,-0.0499589378592937
"526",28131,2,-1.51614012466729,909.051637661013,-6.7101949954295,0.12837943263334,0.0146364247926868,-0.105067393722858
